1	Tenes9999	08:03	631	BV1TeEbztEa5		2025/5/17	
2	Acactus_	08:08	421	BV1HW421N7d8	6832552403849051699	2024/2/23	
3	玛格难	08:29	431	BV1fX536iEvW		2026/5/12	
4	xbd15	08:40	226	BV1nHTb6TERz		2026/7/3	
5	4102545	08:57	065	BV11gJazeEoF		2025/5/20	
6	Squirrel_LLL	09:06	400	BV1xhfmYPEnK		2025/1/27	
7	我买幻想	09:29	681	BV19g4y1r7KN	3755566692680614519	2023/12/24	Fortress first / 原b站名pluginL
8	老呆茶狗	09:40	215	BV1ZoEK6AE1B		2026/6/8	
9	夏末ys	09:48	732	BV1ww411H7kc	-2621669063246225494	2023/11/26	
10	SZANluvSWK	09:49	499	BV18F8TzhEdG		2025/7/24	
11	Baron_2333	09:49	689	BV1ayvHBvEz3		2025/12/29	
12	神秘捞捞侠	09:49	857	BV1BfVRzBEKJ		2025/5/10	40次暂停
13	1by1_legopiece	09:50	998	BV12vEV6hEk8		2026/6/9	
14	Welight6	09:52	772	BV1Sd8F6fEqL		2026/8/20	
15	鱼九_Yj	09:56	221	BV1ES411c7M5	-2936198814588213583	2024/5/11	
16	哇趣嗯	09:56	927	BV1ex4y1J7Fn		2024/6/14	原b站名wa_quan
17	Larryruns	10:00	583	BV1BbdQBSEQj		2026/4/21	
18	shadow啥都没有	10:01	623	BV16Bu76CEtx		2026/8/6	
19	炮宇灰	10:07	537	BV1ViUfBCERd		2025/11/29	
20	燕杰_	10:10	289	BV1tKgrejECq		2024/6/23	
21	瑕玟	10:14	359	BV1P2WhejELD		2024/8/21	
22	Yings_lyd	10:16	816	BV1z46nBdEaS		2026/1/31	
23	HS003-	10:20	615	BV16Ccte3Eyc		2025/1/14	
24	Poeaz	10:27	536	BV16a3EzYETf		2025/7/5	
25	Fe180O240	10:27	575	BV1yNcgzXEa6		2026/2/9	
26	凉城旧巷	10:30	581	BV16BjMz7EcM	aa计时器 手动retimed	2025/5/25	
27	TaNGcx_123	10:37	341	BV1f6FQeqEy5		2025/1/31	
28	Xiaokai_kk	10:40	574	BV1WLjoz4EoP		2025/5/27	
29	你个老马马	10:44	339	BV1esWhehEvL		2024/8/21	
30	辣洋葱圆圈圈	10:45	258	BV18r66YBEbu		2025/1/2	
31	littlejuiceGP	10:45	603	BV1vaNbeGEzz		2025/2/7	
32	轻声耳语的青空	10:46	832	BV1hx4y1x7Pw	-6927415980682204689	2024/7/6	
33	miku_mua	10:47	236	BV18a8H6dEfw		2026/8/20	
34	借鉴xx	10:50	647	BV1hx7azqENR		2025/6/3	
35	吃雪糕的冰棍儿	10:57	236	BV1Bg4y137vJ	599516652919368496	2023/3/29	堡垒遗迹调完困难没调回来
36	Jokerdesu3	10:57	317	BV1iEkUYVEEe		2024/12/21	原b站名JokerTenidy
37	Play_SunRise	10:58	236	BV1VjfvBvEHA		2026/2/26	
38	歪泽又在打电动了	10:59	615	BV1g8411b7wY	-4182411371649565682	2022/9/22	
39	mukabaka	11:00	893	BV1hpdhY9EfH		2025/4/12	
40	Waris_1	11:01	523	BV1CtyQBcEy4		2025/11/1	
41	矛殷	11:05	469	BV1G2qfB2EEX		2025/12/20	
42	Tool_not_me	11:06	859	BV1ViQeB7EBB		2026/4/14	
43	gooSe_Lyu	11:09	563	BV1J4sFeQE5z	4725650653205016810	2024/8/24	
44	程程小小兔	11:13	351	BV126GH6BEvU		2026/9/3	
45	2nFx	11:17	884	BV1rmpFenExF		2024/9/4	
46	02翔哥	11:19	217	BV1taTR6sEJK		2026/7/7	
47	Piggy_Pog	11:27	285	BV1ym421s7t9	4883832391642716206	2024/4/30	
48	upionk3	11:30	225	BV1cKgRzPE8c		2025/6/28	
49	sniper_小白	11:33	115	BV1KdEqzLEeE		2025/5/14	
50	---白渊---	11:33	601	BV1gqabzYETK	aa timer 提供文件 retimed	2025/9/5	
51	pyzsm	11:34	462	BV1ERWUzVEFp		2025/10/21	
52	brina32	11:34	669	BV1o3411o7sj	7933668461753723394	2023/1/12	神传；retime+34s
53	柒拾陆是柒拾陆	11:37	443	BV1PJTH6sESW		2026/7/3	
54	RyuGin_	11:38	401	BV1dZ421q7CT		2024/4/3	
55	Mercury418	11:38	407	BV1vU411d7VD		2024/5/25	
56	fkhxy	11:48	168	BV1GBUVByENS		2025/11/21	
57	1IIC	11:51	105	BV1bHdABcEYn		2026/5/7	
58	不可逆的矩阵A	11:51	521	BV1nQtX64EgR		2026/9/3	
59	FlyYuanbao123	11:53	953	BV1LV4y1q7mr	视频已删除	2023/7/25	
60	Crisdf	11:56	454	BV1FGMJ6LEEH		2026/7/9	
61	墨涵MhX	11:57		BV1XM411t7jZ	视频已删除	2023/1/22	retime+29s
62	Archerッ	11:58	391	BV1ma411M7xi	926414653939074703	2022/7/22	
63	0-1__	11:59		BV1Sz4y1u71V	视频已删除	2023/8/21	没有/seed
64	优雅的水晶力少	12:01	150	BV1n2LbzBEKa		2025/4/23	
65	随缘星雲	12:04	868	BV1Cm6ABEE8f		2026/1/30	
66	美味大	12:06		BV1VF4m137Pc	视频已删除	2024/1/31	
67	九羲NineThe	12:06	323	BV1Mkgp6uErw		2026/8/13	
68	管紫儿	12:06	329	BV1bMVV6HEiS	无进世界前画面 已补	2026/5/30	
69	自传最終章	12:09	666	BV1YV4re8E2A		2024/9/11	
70	67同城	12:09	730	BV1sHKP6KEBC		2026/7/18	
71	糖纸ng	12:10	847	https://b23.tv/rsAZSTu		2025/2/17	
72	5x_uwu	12:12	190	BV1NMTKzoEMe		2025/6/6	
73	kiloo77_	12:14	043	BV1H2wvzdEzM		2026/3/18	
74	李硬炭	12:15	083	BV1Gg4y1P7qJ	-7192469519615402610	2023/7/5	083ms 创世界部分缺失；测眼画面失焦少一段
75	空白boi	12:15	378	BV12E421P7YJ		2024/6/25	378ms
76	ck10o	12:20	909	BV1Q7jdzKEuU		2025/5/27	
77	newlitee	12:22	601	BV1nATRzsEAi		2025/6/8	
78	wine_ocean	12:23	048	BV1fF4m1L7BF	-1621287301944738266	2024/2/21	
79	Resehy_	12:24		BV1vU4y1e7gt	视频已删除	2022/8/9	视频已删除
80	Cher_lx	12:28	324	BV1snnJzAETE		2025/9/27	
81	cloogile	12:28	668	BV1kM4m1d7En		2024/5/10	原b站名乱炖辉夜
82	筱田yo	12:29	507	BV1H4YHe6EiU		2024/8/11	
83	某不是双发的XXX	12:34	063	BV1y44y1H7t2	-2505071722256028505	2022/2/15	
84	VEP33	12:34	634	BV1hd4y1Z74h	-5909134995506836273	2023/10/29	
85	对不起叶子	12:35	803	BV1i44y1S7qk	-8501802325297694881	2022/12/4	retime+19s 
86	Ryaaan_n	12:36	575	BV1d7Tu6TE3v		2026/6/28	
87	初晨-曦光	12:36	737	BV12QwFzvErC		2026/3/11	
88	Cloud7_c	12:42	134	BV1PFdhY6E6U		2025/4/12	
89	Veclanden	12:43	275	BV1V6WNesEcH	572274287380378397	2024/8/18	
90	ICR_MX_	12:43	844	BV1veVfz3EKa		2025/5/10	
91	星墨安	12:44		BV1EN411a7fo	视频已删除	2023/8/6	retime+14s yousa家的墨安
92	HQEmployer	12:46	064	BV1os4y1i7Lz	-2558835109326441712	2023/6/3	
93	Komoling	12:46	209	BV1EWNDzqEci		2025/6/22	
94	小西找不到北o	12:46	687	BV1C2MgzgEpg		2025/6/10	
95	Koinish	12:47	348	BV1GG4y127iB	-5660759162728610278	2023/1/8	原b站名5kumr1ing
96	凌池111	12:47	945	BV1nGNH6GE2X		2026/7/11	
97	流柳波	12:48	556	BV1PT5i6LE7z		2026/5/15	
98	Murasame_259	12:53	790	BV1qY3d67E7s		2026/8/2	
99	EG祈OI玉ST	13:02	218	BV1WN411Y7ZT	17123354776623528	2023/7/30	原b站名玉玉玉玉子
100	天然之甄Naturean	13:03	587	BV13x4y1Z79j		2024/2/3	
101	-2x-	13:04		BV12Y411n7My	视频已删除	2022/3/19	
102	怀念吸不透的香烟	13:05		BV1eg411E7LG	视频已删除	2022/12/20	retime+32s
103	sinsopQAQ	13:05	756	BV1iJ3aezEDV		2024/6/29	原b站名sinsop90
104	2O22	13:06	670	BV1kt5266EQV		2026/5/14	原 Rankorrektur
105	Aperis_uwu	13:08	484	BV1DayqBwE5a		2025/10/28	
106	杜吉勒	13:08	848	https://b23.tv/Rdm1U2L		2025/3/15	nof3
107	某不是双发的XXX的XXX	13:12		BV1E34y157L1	7903585311024954538	2022/6/10	原b站名薄荷糖果醐
108	rethon	13:12	833	BV1rsGGetEDr		2024/6/6	账号已注销
109	落雪不落你	13:18	252	BV1dPm8YBEmA		2024/11/12	
110	wtcqwq	13:21	484	BV13pc7zsE6w		2026/7/20	
111	清寒qinghann	13:28	512	BV1eoXkYJE8j		2025/3/21	
112	知壹Oneof	13:28	678	BV1ns421M78a		2024/6/25	原b站名OneOf_qwq
113	明月孤星辶	13:30	807	BV1AgwhesEEv		2025/1/21	
114	DreamsMom	13:35	691	BV1ye4y137J5	1619415385466683710	2023/1/7	
115	Chips-rp	13:39		BV1ex4y1f7cc	视频已删除	2023/4/30	
116	唯美君lz	13:41	982	BV1jvmvYXETK		2024/11/13	
117	_aqva	13:45	260	BV1pq7Nz5EKe		2025/5/31	
118	尘埃哥哥的五花肉	13:48	619	BV1i86JYxEN8		2024/12/31	原（DavidStr....
119	玖九ばか	13:53	342	BV19hjz6GEXn		2026/6/19	
120	Mio_cat	13:54	403	BV1SM411r7D1	3449297573413212143	2022/11/27	
121	小草素世	13:54	839	BV149RCBqE5i	原 草上飞飞飞	2026/5/5	
122	Dayちゃん_	13:58	190	BV1Qm4y1x7gt	4534489150785316627	2023/8/1	账号已注销
123	Love永远exist	14:00	382	BV15dwyz6EYL		2026/3/19	
124	沙宝拉查的鸡	14:04	073	BV1eNLwzQEUH		2025/4/20	
125	无语真无语了	14:04		BV1RC4y1X7Bb	视频已删除	2023/12/11	
126	Iam123	14:11	123	https://www.speedrun.com/mc/runs/m3vvp6gz	视频卡顿 SRC已过	2025/8/14	
127	sanjijia	14:11	596	BV1TgiBY7Ep9		2024/12/6	
128	regreted_____	14:12	624	BV1x14y137Zw	没有/seed	2023/1/9	/seed没录上
129	山尽oo	14:12	824	BV1tg2KYWEoK		2024/10/9	
130	DingZhenLover	14:14	212	BV1vr7h64EC9		2026/6/25	
131	bili_98997206000	14:14	888	BV1aPhregEd3		2024/7/3	
132	转头又颓废	14:21	134	BV1Kv4y1J7bj	-4570095356717548878	2023/4/26	
133	九黎科技	14:22	355	BV1HVzhBpEMQ		2026/1/26	
134	孤寡的白熊bx	14:22	845	BV14F39zGE8w		2025/7/5	
135	-阿阿阿鱼-	14:24	863	BV1LNrpYPENF		2025/1/4	
136	RezonX	14:27	510	BV1mZ4y1Y7D5	-8270606158520539571	2022/7/11	
137	寂寞罡哥冷_  	14:28	388	BV1QXZsBKEeq		2026/2/15	
138	夕阳p2	14:30	045	BV17wMa66Era		2026/7/7	
139	刘玄兵-	14:32	736	BV139M3zsEcg		2025/6/10	
140	安立AN_LI	14:36	747	BV17bkgBaEtH		2026/1/20	
141	Dou_Pin	14:48	940	BV1zPczeqEYj		2025/1/15	原b站名115DNA
142	备长中线	14:51	147	BV1dyUkBAEKS		2025/11/24	
143	某不知名速通玩家	14:53	989	BV12P411r7Yo	7993601098813819056	2023/7/23	
144	lavaforpiglins	14:54	393	BV1sM8qzqEy6		2025/7/30	
145	账号已注销	14:57	250	BV1ph411H7WJ	2727270239993343363	2021/10/4	忍者桃
146	l09610l	14:57	267	BV1qftazgE31		2025/8/10	
147	pjwww02	14:59		BV1824y1c76C	视频已删除	2023/4/19	
148	Skye_Claire	15:07	526	BV19h8Z6wEnQ		2026/8/26	
149	Yurron	15:08	742	BV1XV4y1x7Ca		2022/8/9	
150	rozey32	15:09	852	https://b23.tv/NZ0WLnb		2024/9/2	原b站名rozzie32
151	HeGaryy_	15:10	727	BV11K41147VT		2023/12/31	没datapack
152	Mr_FourTeen_	15:13	911	BV1BCWoeVEed		2024/8/24	
153	言葉152	15:15		BV19A4y1f7tq	视频已删除	2022/12/10	
154	寒冷的雨Owo	15:17	271	BV1AP3i6iEB2		2026/7/28	
155	诺升	15:19	678	https://www.kuaishou.com/short-video/3xkrfe2z79uqqqg?fid=1817455357&cc=share_copylink&followRefer=151&shareMethod=TOKEN&docId=10&kpn=KUAISHOU&subBiz=BROWSE_SLIDE_PHOTO&photoId=3xkrfe2z79uqqqg&shareId=17891016773580&shareToken=X1l8s4Mr84ptn79&shareResourceType=PHOTO_SELF&userId=3xhzwu5m3ctixy9&shareType=2&et=1_u%252F2003290550426445794_p0&shareMode=APP&originShareId=17891016773580&appType=21&shareObjectId=5237967970673562241&shareUrlOpened=0&timestamp=1714742749550&utm_source=app_share&utm_medium=app_share&utm_campaign=app_share&location=app_share		2024/5/3	抖音链接
156	lfxhq	15:21	036	BV1jK421C7qo		2024/2/10	
157	菜菜cc_zy	15:28	024	https://b23.tv/LHqPLIh		2024/8/30	
158	tiantian_XT	15:29	162	BV1Tmvre1E9p		2024/7/30	
159	FatFish_uwu	15:29	289	BV1MP411m7co		2023/5/3	原b站名FatFish2
160	silica_gel	15:34	066	BV1PP4y1z7jZ		2022/12/21	没声音
161	天海x	15:36	951	BV1Uz4y1J7aF		2023/6/29	
162	TowardStars	15:48	263	BV17XqWBREoH		2025/12/15	
163	skip2004	15:49	093	BV1Tc411F78r		2023/7/26	
164	冥王星_Plut0	15:56	165	BV1xx1jBzE9j		2025/11/1	
165	知涵oxpase	15:58	529	BV1xa411t71E		2022/3/19	No /seed，chunkmod；原b站名知涵_小彪oxpase
166	Harold_HC	15:59	372	BV1zVWMezE3Z	928466522003791198	2024/8/22	
167	starry_25	16:02	140	BV1J4PBeCE6o		2025/2/4	
168	䃱一	16:02	444	BV1sa4y19722		2023/12/11	
169	食草动物-_-	16:03	138	BV18G4y1J7XJ		2022/12/22	
170	ct_dL	16:06		BV1BY4y167ZM		2022/5/24	chunkmod;暂停过于频繁，原IGT 15:17重计时至16:06
171	千訫	16:09	456	BV1xT3oeREcL		2024/6/7	
172	Pigeon_P9	16:11	329	BV1Nm4y1W7dv		2023/8/19	
173	pandaof3	16:14	778	BV1NyHre6EQm		2024/9/2	
174	時柒_	16:15	369	BV1WJ4m1n7Ly		2024/5/3	369ms
175	MC_慕白	16:15		BV1X8411p7vg		2022/12/17	视频已删除
176	bei_ke0818	16:20	117	BV1vGfmYjE4Y		2025/1/27	
177	从余飞	16:20	968	BV1GKgczeEPC		2025/7/17	
178	Demonyee	16:26	512	BV1xG4y1y7Kr		2023/1/9	
179	虾橙橙橙	16:33	216	BV1jw411Q7Yi		2023/8/24	原b站名虾橙AllPig
180	魔龙咆哮雷	16:33	418	BV1U7C1BSEKF		2025/11/15	
181	MasterBright	16:42		BV1L34y1S7jR		2021/10/15	视频已删除
182	Nagi凪_Feather	16:43	287	BV1Fm4y1C7V1		2023/4/29	原b站名Nagi凪_Moonlight
183	无迹可寻水滴	17:22	406	https://www.bilibili.com/video/av724224936		2022/2/21	
184	明-_-__-	17:23	859	BV1G9M1zpE5Z		2025/6/14	
185	EIR9264	17:32	540	BV1WY4y1w7L2		2022/8/7	
186	琉璃绀丹	17:45		BV1ij411r7MN		2023/8/3	视频已删除
187	Prackiee	17:45	603	BV1uGuizWEJL	56 次暂停	2025/7/14	
188	dylian_	17:47	774	BV1MG4y1v7Wi		2022/7/31	原b站名andyii_
189	海在不远处	17:48		BV1Du4y1Z7eA		2023/6/7	视频已删除
190	LPK110	17:49	960	BV15U7vzEEcC		2025/6/4	
191	沉默寡言周帆oh	17:51	423	BV1tY4y1r7yH		2022/5/8	原b站名zhoufan_oh
192	Raven_Fall	18:07		novideo		2022/1/1	
193	小佳_233	18:14	008	BV1dE2BB2Eja	已交全文件	2025/12/5	
194	Tolerant_Scorpio	18:16	627	BV1aR4y1f7P6		2022/11/15	
195	lyningL	18:27	902	BV1ST8r6CEMy		2026/8/22	
196	Uleeele	18:42	662	BV1Py3f6qEHj		2026/8/3	
197	所罗门艾翁	18:47	514	BV1X14y1g7DK		2023/1/6	514ms
198	神秘7x	18:49	534	BV1Kc411z7dW		2023/11/25	游戏崩了一回
199	pearl_blaze	18:51	554	BV1PTtFzoET6	暂停过多53次	2025/8/6	
200	我要成为搭路大神	18:52	614	BV1QH6nYSE6R		2024/12/31	
201	蕭维斯	18:52	850	BV1Y44y147YY		2021/10/3	
202	zFe3	18:58	414	BV1FzDAYrEPB		2024/11/2	
203	小狮子	19:03	853	BV1yp4y1A7V2		2023/9/18	
204	May_111	19:04	728	BV1EFnfe6ESG		2024/8/31	原b站名MayForUuU
205	怂骨素 	19:05		BV1qv411G7fu		2021/10/1	视频已删除
206	Pannier	19:05	845	BV1Lg4y1X729		2023/11/19	
207	若瞳hitomi	19:05	187	BV1fqGLzxEx5		2025/7/8	
208	shenmitraveler	19:11	704	BV1Ae411o7qH		2023/12/5	账号已注销
209	格瑞柯雷	19:13		BV17p4y137up		2023/8/4	视频已删除
210	ohhhhhh222	19:17	210	BV1WA411S7rw		2022/12/31	
211	RayXu6	19:21		novideo		2022/4/13	
212	theblueqim_	19:22	761	BV1oj7r6WEea		2026/6/5	
213	享受rsg吗	19:26	373	BV1NmMczUEEH		2025/6/12	
214	kicap	19:34	242	BV1Q3411Q7bE		2022/12/24	
215	卡卡卡莎莎莎莎	19:37	271	BV1Kg4y1477u		2023/3/13	271ms；原b站名左手-画心
216	alPaca312	19:41	630	BV1xSMc6TEuY		2026/7/4	
217	REvivALOfLife	19:44	863	BV1ToBeYLECV		2024/11/22	
218	是小燕子awa	19:46	059	BV1XU8a69E8F		2026/8/24	
219	夏日宴会	19:52	052	BV19c6ZYfE2G		2025/1/1	
220	创想之蚁	19:53	415	BV1jP411v7Kq		2023/7/6	
221	Xx_Romin_xX	19:58	819	BV1LHTw6HEgx		2026/6/30	
222	Sizzler时乐	20:18	599	BV1Yo4y1w7VB		2023/4/29	不是wr的那个sizzler；原b站名TheesIzzler
223	贤小二不闲	20:25	920	BV1cF4Q6JEAj		2026/8/30	
224	Blasterr	20:30	529	BV1Mv4y1L767		2023/3/25	
225	ChouGee瞅鴿	20:51	000	BV1fq4y1U7Us		2021/9/2	
226	Leizhen_Tian	20:54	081	BV1j681zmE9B		2025/7/31	
227	绯月染秋云	20:55	226	BV1bw411Q73L		2023/1/19	原b站名绫纱Ayasa
228	iiidk_	21:01		BV1va4y1o7Vv		2023/12/2	视频已删除
229	萌萌de小公举	21:04	804	BV1eX4y1s7Wd		2023/6/24	测眼宏有问题
230	永珊不会mc	21:09	406	BV16A4k6sEYT		2026/8/29	
231	zony_7	21:12	705	BV17P411F7jF		2023/1/7	
232	Balloon_356	21:39	500	BV1YV4y1x75v		2022/8/4	
233	abab1137x	21:45	476	BV1ak4X6BE2C	未打验证 已补文件	2026/8/30	
234	g0_ose	21:46	154	BV1He4y1F7Ug		2023/1/13	
235	励励lili	21:54		BV1My4y1571Z		2021/8/24	原b站名Lil_lili
236	小石蚀	21:57	224	BV1Ze4y127Yg		2022/11/4	
237	rabbit_Ra	21:58	723	BV13g411176U		2022/8/26	
238	白鹭_dada	22:04		BV1yD4y1t7Hv		2022/11/10	视频已删除
239	之挞	22:19	684	BV12s816mEr8		2026/8/22	
240	BZ_uwu9	22:25	386	BV1he4y1J7KG		2022/10/5	
241	狗世界卖鸡鸭蛇皮鱼肉	22:30	585	BV1mH4y1R7mF		2023/10/14	原b站名帮主卖咸鱼
242	风住旅馆	22:36	026	BV1pY41127YP		2023/1/8	原b站名脏小阔er
243	CrishelL37	22:38	854	BV17L411a7jT		2023/5/1	
244	aaa闪	22:59	427	BV1Yiy3BYEKW	已交全文件	2025/11/18	
245	迷之星_	23:12		BV1hY411w7wg		2022/5/1	原b站名迷星Mision
246	在缓冲呀	23:29	338	BV1KBuqzsErg		2025/7/14	
247	衰气之神	23:29	360	BV1Ac411p7z1		2023/4/9	原b站名homo之神反mc只爱迷你
248	我就是苓柒	23:30		BV1L84y187fC		2023/1/20	快炸龙硬盘满了没录上
249	Fjleopard	23:31	050	BV1KG4y1a7Ru		2022/8/16	
250	凡客dp	23:35		BV1Xe4y1f7R4		2022/8/21	视频已删除
251	吟海	23:46		BV12r4y1r7xX		2021/11/14	视频已删除
252	maniacP256	24:07	457	BV125411f7U6		2022/1/24	
253	Tixiv	24:07	878	BV1tYKZ6tEHq		2026/6/30	
254	玛啡ゐMurphy	24:10	552	BV1CR4y1a727		2023/1/23	
255	烟雨_吟风	24:28		BV1i24y1a7zj		2023/1/10	
256	MC-305	24:37	252	BV1ah4y1g7WT		2023/6/26	
257	BoomcHack	24:38		BV1Vm4y1v7K5		2023/6/12	视频已删除
258	怎么成为传_染_源	25:01		BV1uR4y1V7dV		2022/3/12	视频已删除
259	不就6_个硬币吗	25:04	304	BV1SG4y1D7PL		2023/1/21	
260	illerror	25:17	585	BV1xe411w7sw		2022/12/14	
261	Mizuharaちづる	25:26		BV1hF411T7bY		2022/4/30	视频已删除
262	NineBlood	25:32	586	BV1jfuxz3ETR		2025/7/16	
263	wlaoye	25:32	754	BV1gq4y1A78p		2021/11/16	
264	Su1phur_硫方	25:54	778	BV1wm3s6qEnT		2026/7/30	
265	Drdsy	26:21		BV1nL411J76h		2021/8/14	视频已删除
266	憨憨的帮帮	26:35	406	BV1VmME6aErT		2026/7/9	
267	XinY_ai	26:36	668	BV1sK411t7bQ		2023/12/23	
268	忑言	26:40	760	BV1VX4y1U7FT		2023/5/2	
269	Quotidian1337	26:42	019	BV12T4y1h7BR		2022/4/14	原b站名QC____vC
270	月夕同学233	26:51	657	BV1Mx4y1Q7g2		2024/3/10	109次暂停 已提醒
271	北极beiji_star	26:53	571	BV1RR4y117py		2023/1/10	原b站名北极没有纪
272	Somnia1337	26:54	105	BV1nY4y1M7Vo		2022/9/5	
273	LiHaoqwq	27:03	510	BV1Hg411y7NS		2022/8/6	原b站名Li___Hao
274	疾风oqk	27:13		BV18F411a7an		2021/10/24	视频已删除
275	凉亭__	27:45	213	BV1PR76zSEoq		2025/6/1	
276	2linw22	27:52		BV1j34y1C7KW		2022/2/14	视频已删除
277	wanzidada5	28:48		BV1Qf4y1n7eP		2021/8/15	视频已删除
278	PeretDK	29:06	841	BV1JM411B7Wo		2023/1/28	
279	阿房不想努力了_	29:38	321	BV1mM4y177Uf		2023/6/30	
280	白鹭_dada	29:40		BV1xY4y1j7K8		2022/7/20	视频已删除
281	Knife_Invisible	29:55	064	BV1ds4y1o7ZJ		2022/3/4	原b站名糖醋里脊IO
282	TobeeckW	30:11	835	BV1G84y1t7xE		2022/12/11	
283	Cresptiermarzer	30:21		BV19v411P7wo		2021/8/18	原b站名Creeper_15
284	Royal_HM37	30:27	119	BV16c411m7WV		2023/12/18	
285	韦憨批	30:37	277	BV1EJAezEEEe		2026/3/1	
286	Wood10	31:11	722	BV1kg4y1L7wk		2023/4/29	
287	数学课代表小何	31:25	377	BV19e4y1w73t		2023/2/13	
288	北極星_bili	32:25	200	BV1rN4y1J7ft		2024/1/27	
289	斑鸠咕咕	33:04	300	BV1eY4y1w7jk		2022/8/7	
290	Withintee	33:09		BV1ur4y1p7Tx		2022/4/3	视频已删除
291	Sherthistle	33:41		BV1UT41147go		2023/5/27	视频已删除
292	奋发向上的白鹿	34:37	061	BV1mCE967EfN		2026/6/10	
293	封渊洹-Liang	36:33	000	BV1tU4y1M7rZ		2021/11/13	
294	沧海水视频	36:34	400	BV12f4y1u7UA		2021/11/18	
295	武昌鱼666	36:36	524	BV12wcyzXEzm		2026/3/12	
296	Justtificat	38:31		BV1Mo4y1N71y			视频已删除
297	斯堪人Skytra	38:~		novideo			
298	邰锋ChrisNativloc	39:35		novideo			
299	爱吃键盘的大唐	39:41	178	BV18r4y1G7d1		2022/6/5	极限模式，No F3
300	卢总lu	41:41	324	BV1aG4y1z7G2		2022/9/10	原b站名Dreams_Lu
301	孤独Haha	42:14	160	BV1Ai4Q69EbJ		2026/8/30	
302	一只不知名的鱼晗	43:57		BV1q94y1o7DY		2022/3/31	RTA；未从最初始界面开始创建世界；视频已删除
303	ltyydmydcp	47:10	800	BV17R4y1x7eX		2021/12/14	198LiHaoqwq
304	枫铃ML	48:54	950	BV1D64y197ij		2021/7/4	原b站名Maple_L_
305	GomoberAy	51:08	900	BV1gr4y1X7Ex		2021/12/4	原b站名GomoberAyyy
306	辉梦巽风awa	55:49	450	BV1GV411H7dy		2021/4/11	
307	石葉	59:16	150	BV1EV411n7Ww		2021/3/28	
308	LavaLsh	1:02:22	950	BV1944y1t7Dg			
309	风丸猫猫	1:08:37	900	BV1XL411t7ag			原b站名SSDusk